"file","md5"
"inst/scripts/real_data/all_variants_filtered.tsv","ab5eef8adbbfbc77cf3e83f765387247"
"inst/scripts/real_data/AvgCoverage.all","bcbe75da41f7223028e0ae9e2b9ce77e"
"inst/scripts/real_data/Transmission_pairs.csv","3a7d1b0aef2de76be9c0bd31d78fd368"
"inst/scripts/real_data/sars2_NC045512.gff3","62f8f0461f9279f39b2586504b8b16f1"
"inst/scripts/real_data/sars2_NC045512.fasta","863ee5dba1da0ca3f87783782284d489"
"inst/scripts/real_data/farjo_longitudinal/samples_432870.csv","f3fd2defd2ebcb2d0c4d0cca34c1d38a"
"inst/scripts/real_data/farjo_longitudinal/2264562.ivar.tsv","f469f6e2966dae6895d493f54a69e8a7"
"inst/scripts/real_data/farjo_longitudinal/2271129.ivar.tsv","5af3d8483cf96faeb0a1d93e4b03aeec"
"inst/scripts/real_data/farjo_longitudinal/2278138.ivar.tsv","34711f1d7980732a91dfa352b5ded0eb"
"inst/scripts/real_data/farjo_longitudinal/2285643.ivar.tsv","137d1eb5a91f3ab9adfa4d6126730e41"
"inst/scripts/real_data/farjo_longitudinal/2291489.ivar.tsv","439d8d56e75e5c8d79efa9f82d3a4350"
"inst/scripts/real_data/farjo_longitudinal/2294271.ivar.tsv","60ba1579167d7526e238ff6981295edd"
"inst/scripts/real_data/farjo_longitudinal/2301664.ivar.tsv","1185555033e9b5db99d8794131ef8608"
"inst/scripts/real_data/farjo_longitudinal/2309013.ivar.tsv","d188d3ee6223e08680c91f99cbf8268e"
"inst/scripts/real_data/farjo_longitudinal/2315984.ivar.tsv","b2e07b94d0c4902dae861f310f792940"
